0.000000000000000000e+00,1.000000000000000000e+00,1.000000000000000000e+00
0.000000000000000000e+00,9.960899353173432447e-01,9.999961703578035266e-01
0.000000000000000000e+00,9.921875299190794362e-01,9.999846814312138843e-01
0.000000000000000000e+00,9.882927838052090186e-01,9.999655332202312952e-01
0.000000000000000000e+00,9.844056969757315478e-01,9.999387257248555372e-01
0.000000000000000000e+00,9.805262694306470239e-01,9.999042589450868324e-01
0.000000000000000000e+00,9.766545011699554468e-01,9.998621328809249587e-01
0.000000000000000000e+00,9.727903921936572607e-01,9.998123475323700271e-01
0.000000000000000000e+00,9.689339425017520213e-01,9.997549028994220377e-01
0.000000000000000000e+00,9.650851520942397288e-01,9.996897989820811015e-01
0.000000000000000000e+00,9.612440209711204941e-01,9.996170357803471074e-01
0.000000000000000000e+00,9.574105491323944284e-01,9.995366132942199444e-01
0.000000000000000000e+00,9.535847365780615315e-01,9.994485315236997236e-01
0.000000000000000000e+00,9.497665833081214704e-01,9.993527904687865560e-01
0.000000000000000000e+00,9.459560893225743561e-01,9.992493901294802194e-01
0.000000000000000000e+00,9.421532546214206327e-01,9.991383305057808251e-01
0.000000000000000000e+00,9.383580792046599672e-01,9.990196115976884839e-01
0.000000000000000000e+00,9.345705630722920265e-01,9.988932334052029738e-01
0.000000000000000000e+00,9.307907062243172547e-01,9.987591959283244059e-01
0.000000000000000000e+00,9.270185086607357627e-01,9.986174991670528911e-01
0.000000000000000000e+00,9.232539703815472176e-01,9.984681431213880964e-01
0.000000000000000000e+00,9.194970913867516193e-01,9.983111277913304660e-01
0.000000000000000000e+00,9.157478716763490789e-01,9.981464531768796666e-01
0.000000000000000000e+00,9.120063112503398184e-01,9.979741192780359205e-01
0.000000000000000000e+00,9.082724101087235047e-01,9.977941260947988944e-01
0.000000000000000000e+00,9.045461682515001378e-01,9.976064736271690325e-01
0.000000000000000000e+00,9.008275856786698288e-01,9.974111618751460018e-01
0.000000000000000000e+00,8.971166623902327997e-01,9.972081908387299132e-01
0.000000000000000000e+00,8.934133983861888284e-01,9.969975605179208777e-01
0.000000000000000000e+00,8.897177936665375819e-01,9.967792709127185624e-01
0.000000000000000000e+00,8.860298482312795043e-01,9.965533220231233003e-01
0.000000000000000000e+00,8.823495620804147066e-01,9.963197138491350913e-01
0.000000000000000000e+00,8.786769352139429667e-01,9.960784463907537134e-01
0.000000000000000000e+00,8.750119676318640627e-01,9.958295196479792777e-01
0.000000000000000000e+00,8.713546593341782165e-01,9.955729336208117841e-01
0.000000000000000000e+00,8.677050103208856502e-01,9.953086883092512327e-01
0.000000000000000000e+00,8.640630205919861417e-01,9.950367837132977344e-01
0.000000000000000000e+00,8.604286901474794691e-01,9.947572198329510673e-01
0.000000000000000000e+00,8.568020189873658543e-01,9.944699966682113423e-01
0.000000000000000000e+00,8.531830071116455194e-01,9.941751142190785595e-01
0.000000000000000000e+00,8.495716545203181314e-01,9.938725724855526078e-01
0.000000000000000000e+00,8.459679612133836901e-01,9.935623714676337093e-01
0.000000000000000000e+00,8.423719271908424178e-01,9.932445111653218639e-01
0.000000000000000000e+00,8.387835524526942033e-01,9.929189915786167386e-01
0.000000000000000000e+00,8.352028369989391576e-01,9.925858127075186665e-01
0.000000000000000000e+00,8.316297808295769478e-01,9.922449745520275366e-01
0.000000000000000000e+00,8.280643839446079069e-01,9.918964771121434598e-01
0.000000000000000000e+00,8.245066463440320348e-01,9.915403203878662142e-01
0.000000000000000000e+00,8.209565680278492206e-01,9.911765043791959107e-01
0.000000000000000000e+00,8.174141489960592422e-01,9.908050290861325493e-01
0.000000000000000000e+00,8.138793892486623216e-01,9.904258945086760191e-01
0.000000000000000000e+00,8.103522887856586809e-01,9.900391006468265420e-01
0.000000000000000000e+00,8.068328476070480981e-01,9.896446475005840071e-01
0.000000000000000000e+00,8.033210657128303511e-01,9.892425350699484143e-01
0.000000000000000000e+00,7.998169431030056620e-01,9.888327633549196527e-01
0.000000000000000000e+00,7.963204797775742527e-01,9.884153323554979442e-01
0.000000000000000000e+00,7.928316757365359013e-01,9.879902420716831779e-01
0.000000000000000000e+00,7.893505309798904968e-01,9.875574925034754648e-01
0.000000000000000000e+00,7.858770455076380390e-01,9.871170836508744717e-01
0.000000000000000000e+00,7.824112193197788612e-01,9.866690155138805318e-01
0.000000000000000000e+00,7.789530524163127412e-01,9.862132880924935341e-01
0.000000000000000000e+00,7.755025447972394570e-01,9.857499013867133675e-01
0.000000000000000000e+00,7.720596964625593417e-01,9.852788553965403651e-01
0.000000000000000000e+00,7.686245074122723953e-01,9.848001501219740828e-01
0.000000000000000000e+00,7.651969776463785067e-01,9.843137855630148536e-01
0.000000000000000000e+00,7.617771071648774539e-01,9.838197617196624556e-01
0.000000000000000000e+00,7.583648959677695700e-01,9.833180785919171107e-01
0.000000000000000000e+00,7.549603440550548550e-01,9.828087361797787080e-01
0.000000000000000000e+00,7.515634514267331978e-01,9.822917344832472475e-01
0.000000000000000000e+00,7.481742180828044875e-01,9.817670735023227291e-01
0.000000000000000000e+00,7.447926440232687240e-01,9.812347532370050418e-01
0.000000000000000000e+00,7.414187292481262403e-01,9.806947736872944077e-01
0.000000000000000000e+00,7.380524737573768146e-01,9.801471348531906047e-01
0.000000000000000000e+00,7.346938775510203357e-01,9.795918367346938549e-01
0.000000000000000000e+00,7.313429406290568036e-01,9.790288793318039362e-01
0.000000000000000000e+00,7.279996629914866624e-01,9.784582626445210707e-01
0.000000000000000000e+00,7.246640446383094680e-01,9.778799866728451473e-01
0.000000000000000000e+00,7.213360855695251095e-01,9.772940514167760551e-01
0.000000000000000000e+00,7.180157857851339198e-01,9.767004568763140160e-01
0.000000000000000000e+00,7.147031452851358990e-01,9.760992030514588080e-01
0.000000000000000000e+00,7.113981640695310471e-01,9.754902899422107643e-01
0.000000000000000000e+00,7.081008421383189200e-01,9.748737175485693296e-01
0.000000000000000000e+00,7.048111794914999617e-01,9.742494858705350591e-01
0.000000000000000000e+00,7.015291761290741723e-01,9.736175949081077308e-01
0.000000000000000000e+00,6.982548320510414408e-01,9.729780446612872336e-01
0.000000000000000000e+00,6.949881472574016561e-01,9.723308351300737895e-01
0.000000000000000000e+00,6.917291217481549293e-01,9.716759663144671766e-01
0.000000000000000000e+00,6.884777555233013713e-01,9.710134382144676168e-01
0.000000000000000000e+00,6.852340485828408712e-01,9.703432508300748882e-01
0.000000000000000000e+00,6.819980009267733179e-01,9.696654041612891017e-01
0.000000000000000000e+00,6.787696125550988224e-01,9.689798982081103684e-01
0.000000000000000000e+00,6.755488834678174959e-01,9.682867329705384662e-01
0.000000000000000000e+00,6.723358136649293382e-01,9.675859084485736172e-01
0.000000000000000000e+00,6.691304031464339053e-01,9.668774246422155993e-01
0.000000000000000000e+00,6.659326519123316412e-01,9.661612815514646346e-01
0.000000000000000000e+00,6.627425599626226571e-01,9.654374791763205010e-01
0.000000000000000000e+00,6.595601272973066198e-01,9.647060175167834206e-01
0.000000000000000000e+00,6.563853539163835293e-01,9.639668965728531713e-01
0.000000000000000000e+00,6.532182398198534967e-01,9.632201163445299752e-01
0.000000000000000000e+00,6.500587850077166330e-01,9.624656768318136102e-01
0.000000000000000000e+00,6.469069894799729381e-01,9.617035780347042984e-01
0.000000000000000000e+00,6.437628532366220790e-01,9.609338199532018177e-01
0.000000000000000000e+00,6.406263762776641668e-01,9.601564025873061681e-01
0.000000000000000000e+00,6.374975586030996455e-01,9.593713259370176827e-01
0.000000000000000000e+00,6.343764002129280710e-01,9.585785900023360284e-01
0.000000000000000000e+00,6.312629011071494434e-01,9.577781947832613163e-01
0.000000000000000000e+00,6.281570612857638736e-01,9.569701402797936574e-01
0.000000000000000000e+00,6.250588807487715837e-01,9.561544264919328295e-01
0.000000000000000000e+00,6.219683594961722406e-01,9.553310534196789439e-01
0.000000000000000000e+00,6.188854975279658444e-01,9.545000210630320003e-01
0.000000000000000000e+00,6.158102948441525060e-01,9.536613294219919990e-01
0.000000000000000000e+00,6.127427514447324475e-01,9.528149784965590507e-01
0.000000000000000000e+00,6.096828673297054468e-01,9.519609682867330447e-01
0.000000000000000000e+00,6.066306424990712820e-01,9.510992987925137587e-01
0.000000000000000000e+00,6.035860769528301750e-01,9.502299700139016370e-01
0.000000000000000000e+00,6.005491706909822369e-01,9.493529819508963463e-01
0.000000000000000000e+00,5.975199237135274677e-01,9.484683346034979978e-01
0.000000000000000000e+00,5.944983360204655343e-01,9.475760279717065915e-01
0.000000000000000000e+00,5.914844076117966587e-01,9.466760620555221273e-01
0.000000000000000000e+00,5.884781384875210630e-01,9.457684368549446052e-01
0.000000000000000000e+00,5.854795286476385252e-01,9.448531523699741363e-01
0.000000000000000000e+00,5.824885780921488232e-01,9.439302086006104986e-01
0.000000000000000000e+00,5.795052868210521790e-01,9.429996055468536920e-01
0.000000000000000000e+00,5.765296548343488148e-01,9.420613432087040495e-01
0.000000000000000000e+00,5.735616821320383973e-01,9.411154215861612382e-01
0.000000000000000000e+00,5.706013687141209267e-01,9.401618406792252580e-01
0.000000000000000000e+00,5.676487145805966250e-01,9.392006004878963310e-01
0.000000000000000000e+00,5.647037197314653811e-01,9.382317010121743461e-01
0.000000000000000000e+00,5.617663841667273061e-01,9.372551422520594144e-01
0.000000000000000000e+00,5.588367078863820669e-01,9.362709242075512028e-01
0.000000000000000000e+00,5.559146908904299966e-01,9.352790468786500444e-01
0.000000000000000000e+00,5.530003331788709842e-01,9.342795102653558281e-01
0.000000000000000000e+00,5.500936347517051406e-01,9.332723143676686650e-01
0.000000000000000000e+00,5.471945956089322438e-01,9.322574591855883330e-01
0.000000000000000000e+00,5.443032157505522939e-01,9.312349447191148322e-01
0.000000000000000000e+00,5.414194951765656239e-01,9.302047709682483845e-01
0.000000000000000000e+00,5.385434338869720117e-01,9.291669379329889900e-01
0.000000000000000000e+00,5.356750318817712353e-01,9.281214456133363155e-01
0.000000000000000000e+00,5.328142891609635168e-01,9.270682940092906943e-01
0.000000000000000000e+00,5.299612057245490782e-01,9.260074831208520152e-01
0.000000000000000000e+00,5.271157815725276974e-01,9.249390129480202782e-01
0.000000000000000000e+00,5.242780167048991524e-01,9.238628834907953724e-01
0.000000000000000000e+00,5.214479111216637763e-01,9.227790947491775198e-01
0.000000000000000000e+00,5.186254648228215691e-01,9.216876467231667203e-01
0.000000000000000000e+00,5.158106778083724198e-01,9.205885394127626409e-01
0.000000000000000000e+00,5.130035500783161062e-01,9.194817728179656147e-01
0.000000000000000000e+00,5.102040816326529615e-01,9.183673469387754196e-01
0.000000000000000000e+00,5.074122724713829857e-01,9.172452617751923887e-01
0.000000000000000000e+00,5.046281225945060678e-01,9.161155173272161889e-01
0.000000000000000000e+00,5.018516320020219856e-01,9.149781135948468203e-01
0.000000000000000000e+00,4.990828006939310169e-01,9.138330505780843938e-01
0.000000000000000000e+00,4.963216286702332725e-01,9.126803282769291314e-01
0.000000000000000000e+00,4.935681159309285859e-01,9.115199466913805892e-01
0.000000000000000000e+00,4.908222624760167907e-01,9.103519058214391002e-01
0.000000000000000000e+00,4.880840683054981088e-01,9.091762056671044423e-01
0.000000000000000000e+00,4.853535334193725959e-01,9.079928462283768376e-01
0.000000000000000000e+00,4.826306578176401407e-01,9.068018275052562860e-01
0.000000000000000000e+00,4.799154415003005769e-01,9.056031494977423435e-01
0.000000000000000000e+00,4.772078844673540710e-01,9.043968122058354542e-01
0.000000000000000000e+00,4.745079867188007894e-01,9.031828156295356180e-01
0.000000000000000000e+00,4.718157482546405657e-01,9.019611597688428350e-01
0.000000000000000000e+00,4.691311690748732888e-01,9.007318446237567722e-01
0.000000000000000000e+00,4.664542491794990142e-01,8.994948701942776514e-01
0.000000000000000000e+00,4.637849885685180196e-01,8.982502364804056949e-01
0.000000000000000000e+00,4.611233872419300273e-01,8.969979434821404585e-01
0.000000000000000000e+00,4.584694451997349263e-01,8.957379911994822752e-01
0.000000000000000000e+00,4.558231624419329386e-01,8.944703796324309231e-01
0.000000000000000000e+00,4.531845389685241199e-01,8.931951087809866241e-01
0.000000000000000000e+00,4.505535747795083590e-01,8.919121786451491563e-01
0.000000000000000000e+00,4.479302698748855449e-01,8.906215892249187416e-01
0.000000000000000000e+00,4.453146242546557887e-01,8.893233405202951580e-01
0.000000000000000000e+00,4.427066379188192013e-01,8.880174325312786276e-01
0.000000000000000000e+00,4.401063108673756719e-01,8.867038652578689284e-01
0.000000000000000000e+00,4.375136431003250892e-01,8.853826387000662823e-01
0.000000000000000000e+00,4.349286346176675644e-01,8.840537528578704674e-01
0.000000000000000000e+00,4.323512854194032085e-01,8.827172077312817056e-01
0.000000000000000000e+00,4.297815955055319659e-01,8.813730033202997749e-01
0.000000000000000000e+00,4.272195648760535591e-01,8.800211396249247864e-01
0.000000000000000000e+00,4.246651935309682657e-01,8.786616166451567400e-01
0.000000000000000000e+00,4.221184814702761967e-01,8.772944343809957468e-01
0.000000000000000000e+00,4.195794286939771300e-01,8.759195928324416958e-01
0.000000000000000000e+00,4.170480352020710102e-01,8.745370919994943648e-01
0.000000000000000000e+00,4.145243009945579482e-01,8.731469318821541981e-01
0.000000000000000000e+00,4.120082260714381106e-01,8.717491124804208624e-01
0.000000000000000000e+00,4.094998104327112753e-01,8.703436337942945800e-01
0.000000000000000000e+00,4.069990540783773869e-01,8.689304958237751286e-01
0.000000000000000000e+00,4.045059570084366118e-01,8.675096985688626194e-01
0.000000000000000000e+00,4.020205192228889501e-01,8.660812420295571634e-01
0.000000000000000000e+00,3.995427407217344018e-01,8.646451262058585385e-01
0.000000000000000000e+00,3.970726215049727448e-01,8.632013510977669668e-01
0.000000000000000000e+00,3.946101615726041456e-01,8.617499167052822262e-01
0.000000000000000000e+00,3.921553609246287708e-01,8.602908230284044278e-01
0.000000000000000000e+00,3.897082195610464539e-01,8.588240700671336825e-01
0.000000000000000000e+00,3.872687374818570283e-01,8.573496578214696573e-01
0.000000000000000000e+00,3.848369146870606605e-01,8.558675862914126853e-01
0.000000000000000000e+00,3.824127511766575171e-01,8.543778554769627664e-01
0.000000000000000000e+00,3.799962469506474316e-01,8.528804653781196787e-01
0.000000000000000000e+00,3.775874020090302374e-01,8.513754159948835332e-01
0.000000000000000000e+00,3.751862163518061566e-01,8.498627073272544408e-01
0.000000000000000000e+00,3.727926899789752446e-01,8.483423393752321795e-01
0.000000000000000000e+00,3.704068228905373905e-01,8.468143121388169714e-01
0.000000000000000000e+00,3.680286150864924277e-01,8.452786256180084834e-01
0.000000000000000000e+00,3.656580665668405783e-01,8.437352798128070486e-01
0.000000000000000000e+00,3.632951773315818422e-01,8.421842747232125559e-01
0.000000000000000000e+00,3.609399473807162195e-01,8.406256103492251164e-01
0.000000000000000000e+00,3.585923767142435437e-01,8.390592866908443970e-01
0.000000000000000000e+00,3.562524653321639256e-01,8.374853037480707307e-01
0.000000000000000000e+00,3.539202132344774765e-01,8.359036615209041177e-01
0.000000000000000000e+00,3.515956204211840852e-01,8.343143600093443357e-01
0.000000000000000000e+00,3.492786868922836407e-01,8.327173992133914959e-01
0.000000000000000000e+00,3.469694126477761986e-01,8.311127791330454873e-01
0.000000000000000000e+00,3.446677976876619809e-01,8.295004997683066428e-01
0.000000000000000000e+00,3.423738420119408765e-01,8.278805611191746294e-01
0.000000000000000000e+00,3.400875456206126080e-01,8.262529631856494472e-01
0.000000000000000000e+00,3.378089085136774528e-01,8.246177059677313181e-01
0.000000000000000000e+00,3.355379306911354664e-01,8.229747894654202423e-01
0.000000000000000000e+00,3.332746121529865935e-01,8.213242136787159975e-01
0.000000000000000000e+00,3.310189528992306118e-01,8.196659786076186949e-01
0.000000000000000000e+00,3.287709529298676880e-01,8.180000842521282234e-01
0.000000000000000000e+00,3.265306122448979331e-01,8.163265306122449161e-01
0.000000000000000000e+00,3.242979308443212361e-01,8.146453176879684399e-01
0.000000000000000000e+00,3.220729087281374858e-01,8.129564454792987949e-01
0.000000000000000000e+00,3.198555458963467935e-01,8.112599139862362030e-01
0.000000000000000000e+00,3.176458423489493255e-01,8.095557232087806643e-01
0.000000000000000000e+00,3.154437980859448598e-01,8.078438731469319567e-01
0.000000000000000000e+00,3.132494131073333410e-01,8.061243638006900802e-01
0.000000000000000000e+00,3.110626874131148800e-01,8.043971951700551459e-01
0.000000000000000000e+00,3.088836210032896434e-01,8.026623672550273758e-01
0.000000000000000000e+00,3.067122138778574092e-01,8.009198800556064368e-01
0.000000000000000000e+00,3.045484660368181218e-01,7.991697335717923290e-01
0.000000000000000000e+00,3.023923774801719477e-01,7.974119278035852743e-01
0.000000000000000000e+00,3.002439482079188871e-01,7.956464627509851617e-01
0.000000000000000000e+00,2.981031782200589397e-01,7.938733384139919913e-01
0.000000000000000000e+00,2.959700675165918837e-01,7.920925547926056520e-01
0.000000000000000000e+00,2.938446160975179411e-01,7.903041118868263659e-01
0.000000000000000000e+00,2.917268239628371118e-01,7.885080096966540220e-01
0.000000000000000000e+00,2.896166911125493959e-01,7.867042482220886201e-01
0.000000000000000000e+00,2.875142175466545713e-01,7.848928274631301605e-01
0.000000000000000000e+00,2.854194032651528601e-01,7.830737474197785319e-01
0.000000000000000000e+00,2.833322482680442622e-01,7.812470080920339566e-01
0.000000000000000000e+00,2.812527525553287777e-01,7.794126094798963234e-01
0.000000000000000000e+00,2.791809161270062400e-01,7.775705515833655213e-01
0.000000000000000000e+00,2.771167389830767047e-01,7.757208344024416613e-01
0.000000000000000000e+00,2.750602211235403938e-01,7.738634579371248545e-01
0.000000000000000000e+00,2.730113625483971407e-01,7.719984221874149899e-01
0.000000000000000000e+00,2.709701632576468344e-01,7.701257271533120674e-01
0.000000000000000000e+00,2.689366232512895305e-01,7.682453728348159760e-01
0.000000000000000000e+00,2.669107425293254510e-01,7.663573592319269379e-01
0.000000000000000000e+00,2.648925210917544293e-01,7.644616863446448418e-01
0.000000000000000000e+00,2.628819589385763544e-01,7.625583541729696879e-01
0.000000000000000000e+00,2.608790560697913374e-01,7.606473627169012541e-01
0.000000000000000000e+00,2.588838124853994338e-01,7.587287119764399845e-01
0.000000000000000000e+00,2.568962281854006435e-01,7.568024019515856571e-01
0.000000000000000000e+00,2.549163031697948001e-01,7.548684326423381608e-01
0.000000000000000000e+00,2.529440374385820145e-01,7.529268040486976066e-01
0.000000000000000000e+00,2.509794309917623978e-01,7.509775161706641056e-01
0.000000000000000000e+00,2.490224838293358667e-01,7.490205690082375467e-01
0.000000000000000000e+00,2.470731959513022546e-01,7.470559625614178190e-01
0.000000000000000000e+00,2.451315673576617560e-01,7.450836968302051444e-01
0.000000000000000000e+00,2.431975980484143152e-01,7.431037718145993010e-01
0.000000000000000000e+00,2.412712880235599877e-01,7.411161875146005107e-01
0.000000000000000000e+00,2.393526372830986071e-01,7.391209439302085515e-01
0.000000000000000000e+00,2.374416458270303676e-01,7.371180410614236456e-01
0.000000000000000000e+00,2.355383136553551582e-01,7.351074789082455707e-01
0.000000000000000000e+00,2.336426407680730621e-01,7.330892574706745490e-01
0.000000000000000000e+00,2.317546271651839684e-01,7.310633767487104695e-01
0.000000000000000000e+00,2.298742728466879048e-01,7.290298367423532211e-01
0.000000000000000000e+00,2.280015778125849546e-01,7.269886374516028038e-01
0.000000000000000000e+00,2.261365420628750622e-01,7.249397788764596617e-01
0.000000000000000000e+00,2.242791655975581999e-01,7.228832610169231288e-01
0.000000000000000000e+00,2.224294484166343400e-01,7.208190838729936489e-01
0.000000000000000000e+00,2.205873905201036766e-01,7.187472474446712223e-01
0.000000000000000000e+00,2.187529919079660434e-01,7.166677517319557378e-01
0.000000000000000000e+00,2.169262525802214125e-01,7.145805967348470844e-01
0.000000000000000000e+00,2.151071725368698673e-01,7.124857824533453732e-01
0.000000000000000000e+00,2.132957517779113799e-01,7.103833088874506041e-01
0.000000000000000000e+00,2.114919903033459780e-01,7.082731760371628882e-01
0.000000000000000000e+00,2.096958881131735508e-01,7.061553839024820034e-01
0.000000000000000000e+00,2.079074452073942370e-01,7.040299324834080608e-01
0.000000000000000000e+00,2.061266615860080087e-01,7.018968217799410603e-01
0.000000000000000000e+00,2.043535372490148383e-01,6.997560517920811129e-01
0.000000000000000000e+00,2.025880721964146702e-01,6.976076225198279968e-01
0.000000000000000000e+00,2.008302664282075323e-01,6.954515339631817117e-01
0.000000000000000000e+00,1.990801199443935632e-01,6.932877861221425908e-01
0.000000000000000000e+00,1.973376327449726519e-01,6.911163789967104121e-01
0.000000000000000000e+00,1.956028048299447153e-01,6.889373125868849534e-01
0.000000000000000000e+00,1.938756361993098642e-01,6.867505868926666590e-01
0.000000000000000000e+00,1.921561268530680988e-01,6.845562019140551957e-01
0.000000000000000000e+00,1.904442767912193912e-01,6.823541576510506745e-01
0.000000000000000000e+00,1.887400860137637415e-01,6.801444541036532065e-01
0.000000000000000000e+00,1.870435545207010941e-01,6.779270912718623476e-01
0.000000000000000000e+00,1.853546823120315601e-01,6.757020691556787639e-01
0.000000000000000000e+00,1.836734693877551117e-01,6.734693877551020114e-01
0.000000000000000000e+00,1.819999157478716656e-01,6.712290470701322009e-01
0.000000000000000000e+00,1.803340213923812774e-01,6.689810471007693327e-01
0.000000000000000000e+00,1.786757863212839748e-01,6.667253878470134065e-01
0.000000000000000000e+00,1.770252105345797577e-01,6.644620693088645336e-01
0.000000000000000000e+00,1.753822940322685431e-01,6.621910914863223807e-01
0.000000000000000000e+00,1.737470368143504140e-01,6.599124543793873920e-01
0.000000000000000000e+00,1.721194388808253428e-01,6.576261579880591235e-01
0.000000000000000000e+00,1.704995002316933572e-01,6.553322023123380191e-01
0.000000000000000000e+00,1.688872208669543740e-01,6.530305873522236348e-01
0.000000000000000000e+00,1.672826007866084763e-01,6.507213131077163037e-01
0.000000000000000000e+00,1.656856399906556643e-01,6.484043795788159148e-01
0.000000000000000000e+00,1.640963384790959101e-01,6.460797867655224680e-01
0.000000000000000000e+00,1.625146962519291582e-01,6.437475346678359633e-01
0.000000000000000000e+00,1.609407133091554920e-01,6.414076232857562898e-01
0.000000000000000000e+00,1.593743896507749114e-01,6.390600526192837805e-01
0.000000000000000000e+00,1.578157252767873886e-01,6.367048226684181023e-01
0.000000000000000000e+00,1.562647201871928959e-01,6.343419334331592552e-01
0.000000000000000000e+00,1.547213743819914611e-01,6.319713849135075723e-01
0.000000000000000000e+00,1.531856878611831119e-01,6.295931771094626095e-01
0.000000000000000000e+00,1.516576606247678483e-01,6.272073100210248109e-01
0.000000000000000000e+00,1.501372926727455592e-01,6.248137836481937324e-01
0.000000000000000000e+00,1.486245840051163558e-01,6.224125979909695960e-01
0.000000000000000000e+00,1.471195346218802658e-01,6.200037530493525129e-01
0.000000000000000000e+00,1.456221445230372058e-01,6.175872488233423718e-01
0.000000000000000000e+00,1.441324137085872037e-01,6.151630853129391729e-01
0.000000000000000000e+00,1.426503421785302317e-01,6.127312625181429162e-01
0.000000000000000000e+00,1.411759299328663453e-01,6.102917804389536016e-01
0.000000000000000000e+00,1.397091769715955445e-01,6.078446390753712292e-01
0.000000000000000000e+00,1.382500832947177460e-01,6.053898384273956879e-01
0.000000000000000000e+00,1.367986489022330332e-01,6.029273784950270887e-01
0.000000000000000000e+00,1.353548737941414060e-01,6.004572592782655427e-01
0.000000000000000000e+00,1.339187579704428366e-01,5.979794807771110499e-01
0.000000000000000000e+00,1.324903014311372695e-01,5.954940429915632771e-01
0.000000000000000000e+00,1.310695041762247604e-01,5.930009459216224466e-01
0.000000000000000000e+00,1.296563662057053923e-01,5.905001895672886691e-01
0.000000000000000000e+00,1.282508875195790543e-01,5.879917739285619449e-01
0.000000000000000000e+00,1.268530681178457464e-01,5.854756990054419408e-01
0.000000000000000000e+00,1.254629080005054964e-01,5.829519647979289898e-01
0.000000000000000000e+00,1.240804071675583181e-01,5.804205713060228700e-01
0.000000000000000000e+00,1.227055656190042254e-01,5.778815185297238033e-01
0.000000000000000000e+00,1.213383833548431490e-01,5.753348064690315677e-01
0.000000000000000000e+00,1.199788603750751442e-01,5.727804351239463854e-01
0.000000000000000000e+00,1.186269966797001973e-01,5.702184044944680341e-01
0.000000000000000000e+00,1.172827922687183499e-01,5.676487145805967360e-01
0.000000000000000000e+00,1.159462471421295049e-01,5.650713653823322691e-01
0.000000000000000000e+00,1.146173612999337038e-01,5.624863568996747443e-01
0.000000000000000000e+00,1.132961347421310300e-01,5.598936891326242726e-01
0.000000000000000000e+00,1.119825674687214001e-01,5.572933620811808542e-01
0.000000000000000000e+00,1.106766594797048003e-01,5.546853757453441558e-01
0.000000000000000000e+00,1.093784107750812445e-01,5.520697301251142886e-01
0.000000000000000000e+00,1.080878213548508021e-01,5.494464252204915855e-01
0.000000000000000000e+00,1.068048912190134037e-01,5.468154610314759356e-01
0.000000000000000000e+00,1.055296203675690492e-01,5.441768375580668948e-01
0.000000000000000000e+00,1.042620088005177248e-01,5.415305548002649072e-01
0.000000000000000000e+00,1.030020565178595277e-01,5.388766127580699727e-01
0.000000000000000000e+00,1.017497635195943606e-01,5.362150114314819804e-01
0.000000000000000000e+00,1.005051298057222375e-01,5.335457508205008192e-01
0.000000000000000000e+00,9.926815537624318619e-02,5.308688309251267112e-01
0.000000000000000000e+00,9.803884023115719271e-02,5.281842517453594343e-01
0.000000000000000000e+00,9.681718437046427095e-02,5.254920132811992106e-01
0.000000000000000000e+00,9.560318779416437929e-02,5.227921155326458180e-01
0.000000000000000000e+00,9.439685050225753160e-02,5.200845584996992566e-01
0.000000000000000000e+00,9.319817249474381116e-02,5.173693421823598593e-01
0.000000000000000000e+00,9.200715377162310693e-02,5.146464665806272931e-01
0.000000000000000000e+00,9.082379433289547443e-02,5.119159316945018912e-01
0.000000000000000000e+00,8.964809417856088591e-02,5.091777375239830983e-01
0.000000000000000000e+00,8.848005330861936912e-02,5.064318840690714696e-01
0.000000000000000000e+00,8.731967172307092406e-02,5.036783713297666720e-01
0.000000000000000000e+00,8.616694942191549522e-02,5.009171993060688166e-01
0.000000000000000000e+00,8.502188640515315199e-02,4.981483679979779033e-01
0.000000000000000000e+00,8.388448267278386661e-02,4.953718774054939877e-01
0.000000000000000000e+00,8.275473822480766684e-02,4.925877275286170143e-01
0.000000000000000000e+00,8.163265306122448328e-02,4.897959183673469274e-01
0.000000000000000000e+00,8.051822718203435758e-02,4.869964499216837273e-01
0.000000000000000000e+00,7.941146058723733137e-02,4.841893221916275802e-01
0.000000000000000000e+00,7.831235327683334912e-02,4.813745351771784309e-01
0.000000000000000000e+00,7.722090525082241086e-02,4.785520888783361126e-01
0.000000000000000000e+00,7.613711650920451657e-02,4.757219832951006255e-01
0.000000000000000000e+00,7.506098705197972176e-02,4.728842184274723026e-01
0.000000000000000000e+00,7.399251687914798481e-02,4.700387942754508663e-01
0.000000000000000000e+00,7.293170599070927795e-02,4.671857108390362612e-01
0.000000000000000000e+00,7.187855438666364283e-02,4.643249681182287092e-01
0.000000000000000000e+00,7.083306206701106555e-02,4.614565661130280438e-01
0.000000000000000000e+00,6.979522903175156001e-02,4.585805048234343206e-01
0.000000000000000000e+00,6.876505528088511232e-02,4.556967842494475951e-01
0.000000000000000000e+00,6.774254081441170861e-02,4.528054043910677562e-01
0.000000000000000000e+00,6.672768563233136274e-02,4.499063652482948594e-01
0.000000000000000000e+00,6.572048973464410249e-02,4.469996668211289603e-01
0.000000000000000000e+00,6.472095312134987233e-02,4.440853091095698923e-01
0.000000000000000000e+00,6.372907579244868614e-02,4.411632921136177110e-01
0.000000000000000000e+00,6.274485774794059945e-02,4.382336158332726384e-01
0.000000000000000000e+00,6.176829898782557060e-02,4.352962802685345078e-01
0.000000000000000000e+00,6.079939951210358573e-02,4.323512854194032640e-01
0.000000000000000000e+00,5.983815932077463789e-02,4.293986312858788512e-01
0.000000000000000000e+00,5.888457841383878955e-02,4.264383178679616027e-01
0.000000000000000000e+00,5.793865679129599211e-02,4.234703451656511852e-01
0.000000000000000000e+00,5.700039445314624559e-02,4.204947131789477655e-01
0.000000000000000000e+00,5.606979139938954998e-02,4.175114219078511768e-01
0.000000000000000000e+00,5.514684763002591916e-02,4.145204713523615303e-01
0.000000000000000000e+00,5.423156314505535314e-02,4.115218615124788260e-01
0.000000000000000000e+00,5.332393794447784496e-02,4.085155923882031193e-01
0.000000000000000000e+00,5.242397202829338770e-02,4.055016639795344102e-01
0.000000000000000000e+00,5.153166539650200217e-02,4.024800762864725323e-01
0.000000000000000000e+00,5.064701804910368144e-02,3.994508293090177076e-01
0.000000000000000000e+00,4.977002998609839080e-02,3.964139230471697140e-01
0.000000000000000000e+00,4.890070120748616495e-02,3.933693575009286070e-01
0.000000000000000000e+00,4.803903171326702470e-02,3.903171326702946087e-01
0.000000000000000000e+00,4.718502150344093538e-02,3.872572485552674970e-01
0.000000000000000000e+00,4.633867057800789002e-02,3.841897051558472720e-01
0.000000000000000000e+00,4.549997893696790946e-02,3.811145024720339336e-01
0.000000000000000000e+00,4.466894658032100063e-02,3.780316405038277594e-01
0.000000000000000000e+00,4.384557350806713577e-02,3.749411192512283053e-01
0.000000000000000000e+00,4.302985972020633570e-02,3.718429387142359044e-01
0.000000000000000000e+00,4.222180521673858655e-02,3.687370988928503901e-01
0.000000000000000000e+00,4.142140999766391607e-02,3.656235997870718735e-01
0.000000000000000000e+00,4.062867406298229650e-02,3.625024413969002990e-01
0.000000000000000000e+00,3.984359741269372784e-02,3.593736237223356111e-01
0.000000000000000000e+00,3.906618004679822398e-02,3.562371467633779210e-01
0.000000000000000000e+00,3.829642196529577797e-02,3.530930105200270619e-01
0.000000000000000000e+00,3.753432316818639675e-02,3.499412149922833115e-01
0.000000000000000000e+00,3.677988365547006644e-02,3.467817601801463923e-01
0.000000000000000000e+00,3.603310342714679398e-02,3.436146460836163041e-01
0.000000000000000000e+00,3.529398248321658632e-02,3.404398727026933802e-01
0.000000000000000000e+00,3.456252082367944345e-02,3.372574400373773429e-01
0.000000000000000000e+00,3.383871844853535149e-02,3.340673480876681922e-01
0.000000000000000000e+00,3.312257535778431045e-02,3.308695968535659282e-01
0.000000000000000000e+00,3.241409155142634807e-02,3.276641863350706618e-01
0.000000000000000000e+00,3.171326702946144355e-02,3.244511165321823931e-01
0.000000000000000000e+00,3.102010179188957953e-02,3.212303874449010110e-01
0.000000000000000000e+00,3.033459583871078724e-02,3.180019990732265711e-01
0.000000000000000000e+00,2.965674916992505281e-02,3.147659514171591288e-01
0.000000000000000000e+00,2.898656178553237969e-02,3.115222444766985732e-01
0.000000000000000000e+00,2.832403368553276096e-02,3.082708782518449597e-01
0.000000000000000000e+00,2.766916486992620008e-02,3.050118527425982884e-01
0.000000000000000000e+00,2.702195533871270400e-02,3.017451679489585592e-01
0.000000000000000000e+00,2.638240509189226576e-02,2.984708238709257722e-01
0.000000000000000000e+00,2.575051412946488538e-02,2.951888205084999273e-01
0.000000000000000000e+00,2.512628245143055938e-02,2.918991578616809690e-01
0.000000000000000000e+00,2.450971005778929818e-02,2.886018359304690084e-01
0.000000000000000000e+00,2.390079694854109829e-02,2.852968547148639900e-01
0.000000000000000000e+00,2.329954312368595279e-02,2.819842142148658581e-01
0.000000000000000000e+00,2.270594858322386167e-02,2.786639144304747240e-01
0.000000000000000000e+00,2.212001332715484228e-02,2.753359553616905320e-01
0.000000000000000000e+00,2.154173735547887381e-02,2.720003370085132821e-01
0.000000000000000000e+00,2.097112066819596665e-02,2.686570593709429744e-01
0.000000000000000000e+00,2.040816326530611735e-02,2.653061224489795533e-01
0.000000000000000000e+00,1.985286514680933631e-02,2.619475262426231854e-01
0.000000000000000000e+00,1.930522631270560618e-02,2.585812707518737041e-01
0.000000000000000000e+00,1.876524676299493044e-02,2.552073559767310540e-01
0.000000000000000000e+00,1.823292649767731949e-02,2.518257819171954570e-01
0.000000000000000000e+00,1.770826551675276639e-02,2.484365485732668022e-01
0.000000000000000000e+00,1.719126382022127808e-02,2.450396559449450617e-01
0.000000000000000000e+00,1.668192140808284069e-02,2.416351040322302357e-01
0.000000000000000000e+00,1.618023828033746114e-02,2.382228928351223518e-01
0.000000000000000000e+00,1.568621443698514986e-02,2.348030223536214933e-01
0.000000000000000000e+00,1.519984987802589643e-02,2.313754925877275215e-01
0.000000000000000000e+00,1.472114460345969739e-02,2.279403035374404918e-01
0.000000000000000000e+00,1.425009861328655966e-02,2.244974552027604042e-01
0.000000000000000000e+00,1.378671190750647979e-02,2.210469475836872588e-01
0.000000000000000000e+00,1.333098448611946298e-02,2.175887806802210556e-01
0.000000000000000000e+00,1.288291634912550054e-02,2.141229544923617667e-01
0.000000000000000000e+00,1.244250749652459770e-02,2.106494690201094477e-01
0.000000000000000000e+00,1.200975792831675791e-02,2.071683242634640987e-01
0.000000000000000000e+00,1.158466764450197424e-02,2.036795202224256640e-01
0.000000000000000000e+00,1.116723664508024842e-02,2.001830568969940882e-01
0.000000000000000000e+00,1.075746493005158393e-02,1.966789342871695656e-01
0.000000000000000000e+00,1.035535249941597902e-02,1.931671523929519019e-01
0.000000000000000000e+00,9.960899353173433696e-03,1.896477112143412358e-01
0.000000000000000000e+00,9.574105491323944492e-03,1.861206107513375119e-01
0.000000000000000000e+00,9.194970913867516610e-03,1.825858510039407023e-01
0.000000000000000000e+00,8.823495620804146580e-03,1.790434319721508349e-01
0.000000000000000000e+00,8.459679612133839607e-03,1.754933536559679375e-01
0.000000000000000000e+00,8.103522887856588752e-03,1.719356160553919821e-01
0.000000000000000000e+00,7.755025447972394882e-03,1.683702191704229134e-01
0.000000000000000000e+00,7.414187292481263201e-03,1.647971630010608146e-01
0.000000000000000000e+00,7.081008421383191108e-03,1.612164475473056580e-01
0.000000000000000000e+00,6.755488834678175999e-03,1.576280728091574435e-01
0.000000000000000000e+00,6.437628532366220478e-03,1.540320387866161433e-01
0.000000000000000000e+00,6.127427514447325411e-03,1.504283454796818686e-01
0.000000000000000000e+00,5.824885780921489065e-03,1.468169928883544528e-01
0.000000000000000000e+00,5.530003331788711438e-03,1.431979810126340069e-01
0.000000000000000000e+00,5.242780167048991663e-03,1.395713098525204754e-01
0.000000000000000000e+00,4.963216286702333210e-03,1.359369794080138860e-01
0.000000000000000000e+00,4.691311690748732610e-03,1.322949896791142665e-01
0.000000000000000000e+00,4.427066379188191597e-03,1.286453406658215892e-01
0.000000000000000000e+00,4.170480352020710171e-03,1.249880323681358402e-01
0.000000000000000000e+00,3.921553609246287465e-03,1.213230647860570333e-01
0.000000000000000000e+00,3.680286150864924780e-03,1.176504379195851685e-01
0.000000000000000000e+00,3.446677976876620381e-03,1.139701517687202459e-01
0.000000000000000000e+00,3.220729087281375136e-03,1.102822063334622515e-01
0.000000000000000000e+00,3.002439482079189044e-03,1.065866016138112132e-01
0.000000000000000000e+00,2.791809161270062539e-03,1.028833376097671171e-01
0.000000000000000000e+00,2.588838124853994754e-03,9.917241432132996304e-02
0.000000000000000000e+00,2.393526372830985689e-03,9.545383174849970953e-02
0.000000000000000000e+00,2.205873905201037079e-03,9.172758989127646756e-02
0.000000000000000000e+00,2.025880721964146754e-03,8.799368874966011222e-02
0.000000000000000000e+00,1.853546823120315584e-03,8.425212832365072679e-02
0.000000000000000000e+00,1.688872208669543349e-03,8.050290861324825575e-02
0.000000000000000000e+00,1.531856878611831353e-03,7.674602961845275462e-02
0.000000000000000000e+00,1.382500832947177643e-03,7.298149133926416787e-02
0.000000000000000000e+00,1.240804071675583303e-03,6.920929377568253715e-02
0.000000000000000000e+00,1.106766594797047682e-03,6.542943692770783470e-02
0.000000000000000000e+00,9.803884023115718663e-04,6.164192079534008828e-02
0.000000000000000000e+00,8.616694942191550953e-04,5.784674537857927706e-02
0.000000000000000000e+00,7.506098705197972610e-04,5.404391067742540106e-02
0.000000000000000000e+00,6.472095312134986886e-04,5.023341669187848108e-02
0.000000000000000000e+00,5.514684763002591613e-04,4.641526342193848936e-02
0.000000000000000000e+00,4.633867057800789501e-04,4.258945086760543980e-02
0.000000000000000000e+00,3.829642196529577840e-04,3.875597902887932544e-02
0.000000000000000000e+00,3.102010179188958256e-04,3.491484790576016711e-02
0.000000000000000000e+00,2.450971005778930208e-04,3.106605749824794052e-02
0.000000000000000000e+00,1.876524676299493424e-04,2.720960780634265261e-02
0.000000000000000000e+00,1.378671190750647903e-04,2.334549883004430684e-02
0.000000000000000000e+00,9.574105491323941890e-05,1.947373056935290322e-02
0.000000000000000000e+00,6.127427514447324165e-05,1.559430302426844175e-02
0.000000000000000000e+00,3.446677976876619758e-05,1.170721619479091896e-02
0.000000000000000000e+00,1.531856878611831041e-05,7.812470080920339184e-03
0.000000000000000000e+00,3.829642196529576756e-06,3.910064682656698085e-03
0.000000000000000000e+00,0.000000000000000000e+00,0.000000000000000000e+00
3.910064682656698085e-03,3.829642196529576756e-06,0.000000000000000000e+00
7.812470080920339184e-03,1.531856878611831041e-05,0.000000000000000000e+00
1.170721619479091896e-02,3.446677976876619758e-05,0.000000000000000000e+00
1.559430302426844175e-02,6.127427514447324165e-05,0.000000000000000000e+00
1.947373056935290322e-02,9.574105491323941890e-05,0.000000000000000000e+00
2.334549883004430684e-02,1.378671190750647903e-04,0.000000000000000000e+00
2.720960780634265261e-02,1.876524676299493424e-04,0.000000000000000000e+00
3.106605749824794052e-02,2.450971005778930208e-04,0.000000000000000000e+00
3.491484790576016711e-02,3.102010179188958256e-04,0.000000000000000000e+00
3.875597902887932544e-02,3.829642196529577840e-04,0.000000000000000000e+00
4.258945086760543980e-02,4.633867057800789501e-04,0.000000000000000000e+00
4.641526342193848936e-02,5.514684763002591613e-04,0.000000000000000000e+00
5.023341669187848108e-02,6.472095312134986886e-04,0.000000000000000000e+00
5.404391067742540106e-02,7.506098705197972610e-04,0.000000000000000000e+00
5.784674537857927706e-02,8.616694942191550953e-04,0.000000000000000000e+00
6.164192079534008828e-02,9.803884023115718663e-04,0.000000000000000000e+00
6.542943692770783470e-02,1.106766594797047682e-03,0.000000000000000000e+00
6.920929377568253715e-02,1.240804071675583303e-03,0.000000000000000000e+00
7.298149133926416787e-02,1.382500832947177643e-03,0.000000000000000000e+00
7.674602961845275462e-02,1.531856878611831353e-03,0.000000000000000000e+00
8.050290861324825575e-02,1.688872208669543349e-03,0.000000000000000000e+00
8.425212832365072679e-02,1.853546823120315584e-03,0.000000000000000000e+00
8.799368874966011222e-02,2.025880721964146754e-03,0.000000000000000000e+00
9.172758989127646756e-02,2.205873905201037079e-03,0.000000000000000000e+00
9.545383174849970953e-02,2.393526372830985689e-03,0.000000000000000000e+00
9.917241432132996304e-02,2.588838124853994754e-03,0.000000000000000000e+00
1.028833376097671171e-01,2.791809161270062539e-03,0.000000000000000000e+00
1.065866016138112132e-01,3.002439482079189044e-03,0.000000000000000000e+00
1.102822063334622515e-01,3.220729087281375136e-03,0.000000000000000000e+00
1.139701517687202459e-01,3.446677976876620381e-03,0.000000000000000000e+00
1.176504379195851685e-01,3.680286150864924780e-03,0.000000000000000000e+00
1.213230647860570333e-01,3.921553609246287465e-03,0.000000000000000000e+00
1.249880323681358402e-01,4.170480352020710171e-03,0.000000000000000000e+00
1.286453406658215892e-01,4.427066379188191597e-03,0.000000000000000000e+00
1.322949896791142665e-01,4.691311690748732610e-03,0.000000000000000000e+00
1.359369794080138860e-01,4.963216286702333210e-03,0.000000000000000000e+00
1.395713098525204754e-01,5.242780167048991663e-03,0.000000000000000000e+00
1.431979810126340069e-01,5.530003331788711438e-03,0.000000000000000000e+00
1.468169928883544528e-01,5.824885780921489065e-03,0.000000000000000000e+00
1.504283454796818686e-01,6.127427514447325411e-03,0.000000000000000000e+00
1.540320387866161433e-01,6.437628532366220478e-03,0.000000000000000000e+00
1.576280728091574435e-01,6.755488834678175999e-03,0.000000000000000000e+00
1.612164475473056580e-01,7.081008421383191108e-03,0.000000000000000000e+00
1.647971630010608146e-01,7.414187292481263201e-03,0.000000000000000000e+00
1.683702191704229134e-01,7.755025447972394882e-03,0.000000000000000000e+00
1.719356160553919821e-01,8.103522887856588752e-03,0.000000000000000000e+00
1.754933536559679375e-01,8.459679612133839607e-03,0.000000000000000000e+00
1.790434319721508349e-01,8.823495620804146580e-03,0.000000000000000000e+00
1.825858510039407023e-01,9.194970913867516610e-03,0.000000000000000000e+00
1.861206107513375119e-01,9.574105491323944492e-03,0.000000000000000000e+00
1.896477112143412358e-01,9.960899353173433696e-03,0.000000000000000000e+00
1.931671523929519019e-01,1.035535249941597902e-02,0.000000000000000000e+00
1.966789342871695656e-01,1.075746493005158393e-02,0.000000000000000000e+00
2.001830568969940882e-01,1.116723664508024842e-02,0.000000000000000000e+00
2.036795202224256640e-01,1.158466764450197424e-02,0.000000000000000000e+00
2.071683242634640987e-01,1.200975792831675791e-02,0.000000000000000000e+00
2.106494690201094477e-01,1.244250749652459770e-02,0.000000000000000000e+00
2.141229544923617667e-01,1.288291634912550054e-02,0.000000000000000000e+00
2.175887806802210556e-01,1.333098448611946298e-02,0.000000000000000000e+00
2.210469475836872588e-01,1.378671190750647979e-02,0.000000000000000000e+00
2.244974552027604042e-01,1.425009861328655966e-02,0.000000000000000000e+00
2.279403035374404918e-01,1.472114460345969739e-02,0.000000000000000000e+00
2.313754925877275215e-01,1.519984987802589643e-02,0.000000000000000000e+00
2.348030223536214933e-01,1.568621443698514986e-02,0.000000000000000000e+00
2.382228928351223518e-01,1.618023828033746114e-02,0.000000000000000000e+00
2.416351040322302357e-01,1.668192140808284069e-02,0.000000000000000000e+00
2.450396559449450617e-01,1.719126382022127808e-02,0.000000000000000000e+00
2.484365485732668022e-01,1.770826551675276639e-02,0.000000000000000000e+00
2.518257819171954570e-01,1.823292649767731949e-02,0.000000000000000000e+00
2.552073559767310540e-01,1.876524676299493044e-02,0.000000000000000000e+00
2.585812707518737041e-01,1.930522631270560618e-02,0.000000000000000000e+00
2.619475262426231854e-01,1.985286514680933631e-02,0.000000000000000000e+00
2.653061224489795533e-01,2.040816326530611735e-02,0.000000000000000000e+00
2.686570593709429744e-01,2.097112066819596665e-02,0.000000000000000000e+00
2.720003370085132821e-01,2.154173735547887381e-02,0.000000000000000000e+00
2.753359553616905320e-01,2.212001332715484228e-02,0.000000000000000000e+00
2.786639144304747240e-01,2.270594858322386167e-02,0.000000000000000000e+00
2.819842142148658581e-01,2.329954312368595279e-02,0.000000000000000000e+00
2.852968547148639900e-01,2.390079694854109829e-02,0.000000000000000000e+00
2.886018359304690084e-01,2.450971005778929818e-02,0.000000000000000000e+00
2.918991578616809690e-01,2.512628245143055938e-02,0.000000000000000000e+00
2.951888205084999273e-01,2.575051412946488538e-02,0.000000000000000000e+00
2.984708238709257722e-01,2.638240509189226576e-02,0.000000000000000000e+00
3.017451679489585592e-01,2.702195533871270400e-02,0.000000000000000000e+00
3.050118527425982884e-01,2.766916486992620008e-02,0.000000000000000000e+00
3.082708782518449597e-01,2.832403368553276096e-02,0.000000000000000000e+00
3.115222444766985732e-01,2.898656178553237969e-02,0.000000000000000000e+00
3.147659514171591288e-01,2.965674916992505281e-02,0.000000000000000000e+00
3.180019990732265711e-01,3.033459583871078724e-02,0.000000000000000000e+00
3.212303874449010110e-01,3.102010179188957953e-02,0.000000000000000000e+00
3.244511165321823931e-01,3.171326702946144355e-02,0.000000000000000000e+00
3.276641863350706618e-01,3.241409155142634807e-02,0.000000000000000000e+00
3.308695968535659282e-01,3.312257535778431045e-02,0.000000000000000000e+00
3.340673480876681922e-01,3.383871844853535149e-02,0.000000000000000000e+00
3.372574400373773429e-01,3.456252082367944345e-02,0.000000000000000000e+00
3.404398727026933802e-01,3.529398248321658632e-02,0.000000000000000000e+00
3.436146460836163041e-01,3.603310342714679398e-02,0.000000000000000000e+00
3.467817601801463923e-01,3.677988365547006644e-02,0.000000000000000000e+00
3.499412149922833115e-01,3.753432316818639675e-02,0.000000000000000000e+00
3.530930105200270619e-01,3.829642196529577797e-02,0.000000000000000000e+00
3.562371467633779210e-01,3.906618004679822398e-02,0.000000000000000000e+00
3.593736237223356111e-01,3.984359741269372784e-02,0.000000000000000000e+00
3.625024413969002990e-01,4.062867406298229650e-02,0.000000000000000000e+00
3.656235997870718735e-01,4.142140999766391607e-02,0.000000000000000000e+00
3.687370988928503901e-01,4.222180521673858655e-02,0.000000000000000000e+00
3.718429387142359044e-01,4.302985972020633570e-02,0.000000000000000000e+00
3.749411192512283053e-01,4.384557350806713577e-02,0.000000000000000000e+00
3.780316405038277594e-01,4.466894658032100063e-02,0.000000000000000000e+00
3.811145024720339336e-01,4.549997893696790946e-02,0.000000000000000000e+00
3.841897051558472720e-01,4.633867057800789002e-02,0.000000000000000000e+00
3.872572485552674970e-01,4.718502150344093538e-02,0.000000000000000000e+00
3.903171326702946087e-01,4.803903171326702470e-02,0.000000000000000000e+00
3.933693575009286070e-01,4.890070120748616495e-02,0.000000000000000000e+00
3.964139230471697140e-01,4.977002998609839080e-02,0.000000000000000000e+00
3.994508293090177076e-01,5.064701804910368144e-02,0.000000000000000000e+00
4.024800762864725323e-01,5.153166539650200217e-02,0.000000000000000000e+00
4.055016639795344102e-01,5.242397202829338770e-02,0.000000000000000000e+00
4.085155923882031193e-01,5.332393794447784496e-02,0.000000000000000000e+00
4.115218615124788260e-01,5.423156314505535314e-02,0.000000000000000000e+00
4.145204713523615303e-01,5.514684763002591916e-02,0.000000000000000000e+00
4.175114219078511768e-01,5.606979139938954998e-02,0.000000000000000000e+00
4.204947131789477655e-01,5.700039445314624559e-02,0.000000000000000000e+00
4.234703451656511852e-01,5.793865679129599211e-02,0.000000000000000000e+00
4.264383178679616027e-01,5.888457841383878955e-02,0.000000000000000000e+00
4.293986312858788512e-01,5.983815932077463789e-02,0.000000000000000000e+00
4.323512854194032640e-01,6.079939951210358573e-02,0.000000000000000000e+00
4.352962802685345078e-01,6.176829898782557060e-02,0.000000000000000000e+00
4.382336158332726384e-01,6.274485774794059945e-02,0.000000000000000000e+00
4.411632921136177110e-01,6.372907579244868614e-02,0.000000000000000000e+00
4.440853091095698923e-01,6.472095312134987233e-02,0.000000000000000000e+00
4.469996668211289603e-01,6.572048973464410249e-02,0.000000000000000000e+00
4.499063652482948594e-01,6.672768563233136274e-02,0.000000000000000000e+00
4.528054043910677562e-01,6.774254081441170861e-02,0.000000000000000000e+00
4.556967842494475951e-01,6.876505528088511232e-02,0.000000000000000000e+00
4.585805048234343206e-01,6.979522903175156001e-02,0.000000000000000000e+00
4.614565661130280438e-01,7.083306206701106555e-02,0.000000000000000000e+00
4.643249681182287092e-01,7.187855438666364283e-02,0.000000000000000000e+00
4.671857108390362612e-01,7.293170599070927795e-02,0.000000000000000000e+00
4.700387942754508663e-01,7.399251687914798481e-02,0.000000000000000000e+00
4.728842184274723026e-01,7.506098705197972176e-02,0.000000000000000000e+00
4.757219832951006255e-01,7.613711650920451657e-02,0.000000000000000000e+00
4.785520888783361126e-01,7.722090525082241086e-02,0.000000000000000000e+00
4.813745351771784309e-01,7.831235327683334912e-02,0.000000000000000000e+00
4.841893221916275802e-01,7.941146058723733137e-02,0.000000000000000000e+00
4.869964499216837273e-01,8.051822718203435758e-02,0.000000000000000000e+00
4.897959183673469274e-01,8.163265306122448328e-02,0.000000000000000000e+00
4.925877275286170143e-01,8.275473822480766684e-02,0.000000000000000000e+00
4.953718774054939877e-01,8.388448267278386661e-02,0.000000000000000000e+00
4.981483679979779033e-01,8.502188640515315199e-02,0.000000000000000000e+00
5.009171993060688166e-01,8.616694942191549522e-02,0.000000000000000000e+00
5.036783713297666720e-01,8.731967172307092406e-02,0.000000000000000000e+00
5.064318840690714696e-01,8.848005330861936912e-02,0.000000000000000000e+00
5.091777375239830983e-01,8.964809417856088591e-02,0.000000000000000000e+00
5.119159316945018912e-01,9.082379433289547443e-02,0.000000000000000000e+00
5.146464665806272931e-01,9.200715377162310693e-02,0.000000000000000000e+00
5.173693421823598593e-01,9.319817249474381116e-02,0.000000000000000000e+00
5.200845584996992566e-01,9.439685050225753160e-02,0.000000000000000000e+00
5.227921155326458180e-01,9.560318779416437929e-02,0.000000000000000000e+00
5.254920132811992106e-01,9.681718437046427095e-02,0.000000000000000000e+00
5.281842517453594343e-01,9.803884023115719271e-02,0.000000000000000000e+00
5.308688309251267112e-01,9.926815537624318619e-02,0.000000000000000000e+00
5.335457508205008192e-01,1.005051298057222375e-01,0.000000000000000000e+00
5.362150114314819804e-01,1.017497635195943606e-01,0.000000000000000000e+00
5.388766127580699727e-01,1.030020565178595277e-01,0.000000000000000000e+00
5.415305548002649072e-01,1.042620088005177248e-01,0.000000000000000000e+00
5.441768375580668948e-01,1.055296203675690492e-01,0.000000000000000000e+00
5.468154610314759356e-01,1.068048912190134037e-01,0.000000000000000000e+00
5.494464252204915855e-01,1.080878213548508021e-01,0.000000000000000000e+00
5.520697301251142886e-01,1.093784107750812445e-01,0.000000000000000000e+00
5.546853757453441558e-01,1.106766594797048003e-01,0.000000000000000000e+00
5.572933620811808542e-01,1.119825674687214001e-01,0.000000000000000000e+00
5.598936891326242726e-01,1.132961347421310300e-01,0.000000000000000000e+00
5.624863568996747443e-01,1.146173612999337038e-01,0.000000000000000000e+00
5.650713653823322691e-01,1.159462471421295049e-01,0.000000000000000000e+00
5.676487145805967360e-01,1.172827922687183499e-01,0.000000000000000000e+00
5.702184044944680341e-01,1.186269966797001973e-01,0.000000000000000000e+00
5.727804351239463854e-01,1.199788603750751442e-01,0.000000000000000000e+00
5.753348064690315677e-01,1.213383833548431490e-01,0.000000000000000000e+00
5.778815185297238033e-01,1.227055656190042254e-01,0.000000000000000000e+00
5.804205713060228700e-01,1.240804071675583181e-01,0.000000000000000000e+00
5.829519647979289898e-01,1.254629080005054964e-01,0.000000000000000000e+00
5.854756990054419408e-01,1.268530681178457464e-01,0.000000000000000000e+00
5.879917739285619449e-01,1.282508875195790543e-01,0.000000000000000000e+00
5.905001895672886691e-01,1.296563662057053923e-01,0.000000000000000000e+00
5.930009459216224466e-01,1.310695041762247604e-01,0.000000000000000000e+00
5.954940429915632771e-01,1.324903014311372695e-01,0.000000000000000000e+00
5.979794807771110499e-01,1.339187579704428366e-01,0.000000000000000000e+00
6.004572592782655427e-01,1.353548737941414060e-01,0.000000000000000000e+00
6.029273784950270887e-01,1.367986489022330332e-01,0.000000000000000000e+00
6.053898384273956879e-01,1.382500832947177460e-01,0.000000000000000000e+00
6.078446390753712292e-01,1.397091769715955445e-01,0.000000000000000000e+00
6.102917804389536016e-01,1.411759299328663453e-01,0.000000000000000000e+00
6.127312625181429162e-01,1.426503421785302317e-01,0.000000000000000000e+00
6.151630853129391729e-01,1.441324137085872037e-01,0.000000000000000000e+00
6.175872488233423718e-01,1.456221445230372058e-01,0.000000000000000000e+00
6.200037530493525129e-01,1.471195346218802658e-01,0.000000000000000000e+00
6.224125979909695960e-01,1.486245840051163558e-01,0.000000000000000000e+00
6.248137836481937324e-01,1.501372926727455592e-01,0.000000000000000000e+00
6.272073100210248109e-01,1.516576606247678483e-01,0.000000000000000000e+00
6.295931771094626095e-01,1.531856878611831119e-01,0.000000000000000000e+00
6.319713849135075723e-01,1.547213743819914611e-01,0.000000000000000000e+00
6.343419334331592552e-01,1.562647201871928959e-01,0.000000000000000000e+00
6.367048226684181023e-01,1.578157252767873886e-01,0.000000000000000000e+00
6.390600526192837805e-01,1.593743896507749114e-01,0.000000000000000000e+00
6.414076232857562898e-01,1.609407133091554920e-01,0.000000000000000000e+00
6.437475346678359633e-01,1.625146962519291582e-01,0.000000000000000000e+00
6.460797867655224680e-01,1.640963384790959101e-01,0.000000000000000000e+00
6.484043795788159148e-01,1.656856399906556643e-01,0.000000000000000000e+00
6.507213131077163037e-01,1.672826007866084763e-01,0.000000000000000000e+00
6.530305873522236348e-01,1.688872208669543740e-01,0.000000000000000000e+00
6.553322023123380191e-01,1.704995002316933572e-01,0.000000000000000000e+00
6.576261579880591235e-01,1.721194388808253428e-01,0.000000000000000000e+00
6.599124543793873920e-01,1.737470368143504140e-01,0.000000000000000000e+00
6.621910914863223807e-01,1.753822940322685431e-01,0.000000000000000000e+00
6.644620693088645336e-01,1.770252105345797577e-01,0.000000000000000000e+00
6.667253878470134065e-01,1.786757863212839748e-01,0.000000000000000000e+00
6.689810471007693327e-01,1.803340213923812774e-01,0.000000000000000000e+00
6.712290470701322009e-01,1.819999157478716656e-01,0.000000000000000000e+00
6.734693877551020114e-01,1.836734693877551117e-01,0.000000000000000000e+00
6.757020691556787639e-01,1.853546823120315601e-01,0.000000000000000000e+00
6.779270912718623476e-01,1.870435545207010941e-01,0.000000000000000000e+00
6.801444541036532065e-01,1.887400860137637415e-01,0.000000000000000000e+00
6.823541576510506745e-01,1.904442767912193912e-01,0.000000000000000000e+00
6.845562019140551957e-01,1.921561268530680988e-01,0.000000000000000000e+00
6.867505868926666590e-01,1.938756361993098642e-01,0.000000000000000000e+00
6.889373125868849534e-01,1.956028048299447153e-01,0.000000000000000000e+00
6.911163789967104121e-01,1.973376327449726519e-01,0.000000000000000000e+00
6.932877861221425908e-01,1.990801199443935632e-01,0.000000000000000000e+00
6.954515339631817117e-01,2.008302664282075323e-01,0.000000000000000000e+00
6.976076225198279968e-01,2.025880721964146702e-01,0.000000000000000000e+00
6.997560517920811129e-01,2.043535372490148383e-01,0.000000000000000000e+00
7.018968217799410603e-01,2.061266615860080087e-01,0.000000000000000000e+00
7.040299324834080608e-01,2.079074452073942370e-01,0.000000000000000000e+00
7.061553839024820034e-01,2.096958881131735508e-01,0.000000000000000000e+00
7.082731760371628882e-01,2.114919903033459780e-01,0.000000000000000000e+00
7.103833088874506041e-01,2.132957517779113799e-01,0.000000000000000000e+00
7.124857824533453732e-01,2.151071725368698673e-01,0.000000000000000000e+00
7.145805967348470844e-01,2.169262525802214125e-01,0.000000000000000000e+00
7.166677517319557378e-01,2.187529919079660434e-01,0.000000000000000000e+00
7.187472474446712223e-01,2.205873905201036766e-01,0.000000000000000000e+00
7.208190838729936489e-01,2.224294484166343400e-01,0.000000000000000000e+00
7.228832610169231288e-01,2.242791655975581999e-01,0.000000000000000000e+00
7.249397788764596617e-01,2.261365420628750622e-01,0.000000000000000000e+00
7.269886374516028038e-01,2.280015778125849546e-01,0.000000000000000000e+00
7.290298367423532211e-01,2.298742728466879048e-01,0.000000000000000000e+00
7.310633767487104695e-01,2.317546271651839684e-01,0.000000000000000000e+00
7.330892574706745490e-01,2.336426407680730621e-01,0.000000000000000000e+00
7.351074789082455707e-01,2.355383136553551582e-01,0.000000000000000000e+00
7.371180410614236456e-01,2.374416458270303676e-01,0.000000000000000000e+00
7.391209439302085515e-01,2.393526372830986071e-01,0.000000000000000000e+00
7.411161875146005107e-01,2.412712880235599877e-01,0.000000000000000000e+00
7.431037718145993010e-01,2.431975980484143152e-01,0.000000000000000000e+00
7.450836968302051444e-01,2.451315673576617560e-01,0.000000000000000000e+00
7.470559625614178190e-01,2.470731959513022546e-01,0.000000000000000000e+00
7.490205690082375467e-01,2.490224838293358667e-01,0.000000000000000000e+00
7.509775161706641056e-01,2.509794309917623978e-01,0.000000000000000000e+00
7.529268040486976066e-01,2.529440374385820145e-01,0.000000000000000000e+00
7.548684326423381608e-01,2.549163031697948001e-01,0.000000000000000000e+00
7.568024019515856571e-01,2.568962281854006435e-01,0.000000000000000000e+00
7.587287119764399845e-01,2.588838124853994338e-01,0.000000000000000000e+00
7.606473627169012541e-01,2.608790560697913374e-01,0.000000000000000000e+00
7.625583541729696879e-01,2.628819589385763544e-01,0.000000000000000000e+00
7.644616863446448418e-01,2.648925210917544293e-01,0.000000000000000000e+00
7.663573592319269379e-01,2.669107425293254510e-01,0.000000000000000000e+00
7.682453728348159760e-01,2.689366232512895305e-01,0.000000000000000000e+00
7.701257271533120674e-01,2.709701632576468344e-01,0.000000000000000000e+00
7.719984221874149899e-01,2.730113625483971407e-01,0.000000000000000000e+00
7.738634579371248545e-01,2.750602211235403938e-01,0.000000000000000000e+00
7.757208344024416613e-01,2.771167389830767047e-01,0.000000000000000000e+00
7.775705515833655213e-01,2.791809161270062400e-01,0.000000000000000000e+00
7.794126094798963234e-01,2.812527525553287777e-01,0.000000000000000000e+00
7.812470080920339566e-01,2.833322482680442622e-01,0.000000000000000000e+00
7.830737474197785319e-01,2.854194032651528601e-01,0.000000000000000000e+00
7.848928274631301605e-01,2.875142175466545713e-01,0.000000000000000000e+00
7.867042482220886201e-01,2.896166911125493959e-01,0.000000000000000000e+00
7.885080096966540220e-01,2.917268239628371118e-01,0.000000000000000000e+00
7.903041118868263659e-01,2.938446160975179411e-01,0.000000000000000000e+00
7.920925547926056520e-01,2.959700675165918837e-01,0.000000000000000000e+00
7.938733384139919913e-01,2.981031782200589397e-01,0.000000000000000000e+00
7.956464627509851617e-01,3.002439482079188871e-01,0.000000000000000000e+00
7.974119278035852743e-01,3.023923774801719477e-01,0.000000000000000000e+00
7.991697335717923290e-01,3.045484660368181218e-01,0.000000000000000000e+00
8.009198800556064368e-01,3.067122138778574092e-01,0.000000000000000000e+00
8.026623672550273758e-01,3.088836210032896434e-01,0.000000000000000000e+00
8.043971951700551459e-01,3.110626874131148800e-01,0.000000000000000000e+00
8.061243638006900802e-01,3.132494131073333410e-01,0.000000000000000000e+00
8.078438731469319567e-01,3.154437980859448598e-01,0.000000000000000000e+00
8.095557232087806643e-01,3.176458423489493255e-01,0.000000000000000000e+00
8.112599139862362030e-01,3.198555458963467935e-01,0.000000000000000000e+00
8.129564454792987949e-01,3.220729087281374858e-01,0.000000000000000000e+00
8.146453176879684399e-01,3.242979308443212361e-01,0.000000000000000000e+00
8.163265306122449161e-01,3.265306122448979331e-01,0.000000000000000000e+00
8.180000842521282234e-01,3.287709529298676880e-01,0.000000000000000000e+00
8.196659786076186949e-01,3.310189528992306118e-01,0.000000000000000000e+00
8.213242136787159975e-01,3.332746121529865935e-01,0.000000000000000000e+00
8.229747894654202423e-01,3.355379306911354664e-01,0.000000000000000000e+00
8.246177059677313181e-01,3.378089085136774528e-01,0.000000000000000000e+00
8.262529631856494472e-01,3.400875456206126080e-01,0.000000000000000000e+00
8.278805611191746294e-01,3.423738420119408765e-01,0.000000000000000000e+00
8.295004997683066428e-01,3.446677976876619809e-01,0.000000000000000000e+00
8.311127791330454873e-01,3.469694126477761986e-01,0.000000000000000000e+00
8.327173992133914959e-01,3.492786868922836407e-01,0.000000000000000000e+00
8.343143600093443357e-01,3.515956204211840852e-01,0.000000000000000000e+00
8.359036615209041177e-01,3.539202132344774765e-01,0.000000000000000000e+00
8.374853037480707307e-01,3.562524653321639256e-01,0.000000000000000000e+00
8.390592866908443970e-01,3.585923767142435437e-01,0.000000000000000000e+00
8.406256103492251164e-01,3.609399473807162195e-01,0.000000000000000000e+00
8.421842747232125559e-01,3.632951773315818422e-01,0.000000000000000000e+00
8.437352798128070486e-01,3.656580665668405783e-01,0.000000000000000000e+00
8.452786256180084834e-01,3.680286150864924277e-01,0.000000000000000000e+00
8.468143121388169714e-01,3.704068228905373905e-01,0.000000000000000000e+00
8.483423393752321795e-01,3.727926899789752446e-01,0.000000000000000000e+00
8.498627073272544408e-01,3.751862163518061566e-01,0.000000000000000000e+00
8.513754159948835332e-01,3.775874020090302374e-01,0.000000000000000000e+00
8.528804653781196787e-01,3.799962469506474316e-01,0.000000000000000000e+00
8.543778554769627664e-01,3.824127511766575171e-01,0.000000000000000000e+00
8.558675862914126853e-01,3.848369146870606605e-01,0.000000000000000000e+00
8.573496578214696573e-01,3.872687374818570283e-01,0.000000000000000000e+00
8.588240700671336825e-01,3.897082195610464539e-01,0.000000000000000000e+00
8.602908230284044278e-01,3.921553609246287708e-01,0.000000000000000000e+00
8.617499167052822262e-01,3.946101615726041456e-01,0.000000000000000000e+00
8.632013510977669668e-01,3.970726215049727448e-01,0.000000000000000000e+00
8.646451262058585385e-01,3.995427407217344018e-01,0.000000000000000000e+00
8.660812420295571634e-01,4.020205192228889501e-01,0.000000000000000000e+00
8.675096985688626194e-01,4.045059570084366118e-01,0.000000000000000000e+00
8.689304958237751286e-01,4.069990540783773869e-01,0.000000000000000000e+00
8.703436337942945800e-01,4.094998104327112753e-01,0.000000000000000000e+00
8.717491124804208624e-01,4.120082260714381106e-01,0.000000000000000000e+00
8.731469318821541981e-01,4.145243009945579482e-01,0.000000000000000000e+00
8.745370919994943648e-01,4.170480352020710102e-01,0.000000000000000000e+00
8.759195928324416958e-01,4.195794286939771300e-01,0.000000000000000000e+00
8.772944343809957468e-01,4.221184814702761967e-01,0.000000000000000000e+00
8.786616166451567400e-01,4.246651935309682657e-01,0.000000000000000000e+00
8.800211396249247864e-01,4.272195648760535591e-01,0.000000000000000000e+00
8.813730033202997749e-01,4.297815955055319659e-01,0.000000000000000000e+00
8.827172077312817056e-01,4.323512854194032085e-01,0.000000000000000000e+00
8.840537528578704674e-01,4.349286346176675644e-01,0.000000000000000000e+00
8.853826387000662823e-01,4.375136431003250892e-01,0.000000000000000000e+00
8.867038652578689284e-01,4.401063108673756719e-01,0.000000000000000000e+00
8.880174325312786276e-01,4.427066379188192013e-01,0.000000000000000000e+00
8.893233405202951580e-01,4.453146242546557887e-01,0.000000000000000000e+00
8.906215892249187416e-01,4.479302698748855449e-01,0.000000000000000000e+00
8.919121786451491563e-01,4.505535747795083590e-01,0.000000000000000000e+00
8.931951087809866241e-01,4.531845389685241199e-01,0.000000000000000000e+00
8.944703796324309231e-01,4.558231624419329386e-01,0.000000000000000000e+00
8.957379911994822752e-01,4.584694451997349263e-01,0.000000000000000000e+00
8.969979434821404585e-01,4.611233872419300273e-01,0.000000000000000000e+00
8.982502364804056949e-01,4.637849885685180196e-01,0.000000000000000000e+00
8.994948701942776514e-01,4.664542491794990142e-01,0.000000000000000000e+00
9.007318446237567722e-01,4.691311690748732888e-01,0.000000000000000000e+00
9.019611597688428350e-01,4.718157482546405657e-01,0.000000000000000000e+00
9.031828156295356180e-01,4.745079867188007894e-01,0.000000000000000000e+00
9.043968122058354542e-01,4.772078844673540710e-01,0.000000000000000000e+00
9.056031494977423435e-01,4.799154415003005769e-01,0.000000000000000000e+00
9.068018275052562860e-01,4.826306578176401407e-01,0.000000000000000000e+00
9.079928462283768376e-01,4.853535334193725959e-01,0.000000000000000000e+00
9.091762056671044423e-01,4.880840683054981088e-01,0.000000000000000000e+00
9.103519058214391002e-01,4.908222624760167907e-01,0.000000000000000000e+00
9.115199466913805892e-01,4.935681159309285859e-01,0.000000000000000000e+00
9.126803282769291314e-01,4.963216286702332725e-01,0.000000000000000000e+00
9.138330505780843938e-01,4.990828006939310169e-01,0.000000000000000000e+00
9.149781135948468203e-01,5.018516320020219856e-01,0.000000000000000000e+00
9.161155173272161889e-01,5.046281225945060678e-01,0.000000000000000000e+00
9.172452617751923887e-01,5.074122724713829857e-01,0.000000000000000000e+00
9.183673469387754196e-01,5.102040816326529615e-01,0.000000000000000000e+00
9.194817728179656147e-01,5.130035500783161062e-01,0.000000000000000000e+00
9.205885394127626409e-01,5.158106778083724198e-01,0.000000000000000000e+00
9.216876467231667203e-01,5.186254648228215691e-01,0.000000000000000000e+00
9.227790947491775198e-01,5.214479111216637763e-01,0.000000000000000000e+00
9.238628834907953724e-01,5.242780167048991524e-01,0.000000000000000000e+00
9.249390129480202782e-01,5.271157815725276974e-01,0.000000000000000000e+00
9.260074831208520152e-01,5.299612057245490782e-01,0.000000000000000000e+00
9.270682940092906943e-01,5.328142891609635168e-01,0.000000000000000000e+00
9.281214456133363155e-01,5.356750318817712353e-01,0.000000000000000000e+00
9.291669379329889900e-01,5.385434338869720117e-01,0.000000000000000000e+00
9.302047709682483845e-01,5.414194951765656239e-01,0.000000000000000000e+00
9.312349447191148322e-01,5.443032157505522939e-01,0.000000000000000000e+00
9.322574591855883330e-01,5.471945956089322438e-01,0.000000000000000000e+00
9.332723143676686650e-01,5.500936347517051406e-01,0.000000000000000000e+00
9.342795102653558281e-01,5.530003331788709842e-01,0.000000000000000000e+00
9.352790468786500444e-01,5.559146908904299966e-01,0.000000000000000000e+00
9.362709242075512028e-01,5.588367078863820669e-01,0.000000000000000000e+00
9.372551422520594144e-01,5.617663841667273061e-01,0.000000000000000000e+00
9.382317010121743461e-01,5.647037197314653811e-01,0.000000000000000000e+00
9.392006004878963310e-01,5.676487145805966250e-01,0.000000000000000000e+00
9.401618406792252580e-01,5.706013687141209267e-01,0.000000000000000000e+00
9.411154215861612382e-01,5.735616821320383973e-01,0.000000000000000000e+00
9.420613432087040495e-01,5.765296548343488148e-01,0.000000000000000000e+00
9.429996055468536920e-01,5.795052868210521790e-01,0.000000000000000000e+00
9.439302086006104986e-01,5.824885780921488232e-01,0.000000000000000000e+00
9.448531523699741363e-01,5.854795286476385252e-01,0.000000000000000000e+00
9.457684368549446052e-01,5.884781384875210630e-01,0.000000000000000000e+00
9.466760620555221273e-01,5.914844076117966587e-01,0.000000000000000000e+00
9.475760279717065915e-01,5.944983360204655343e-01,0.000000000000000000e+00
9.484683346034979978e-01,5.975199237135274677e-01,0.000000000000000000e+00
9.493529819508963463e-01,6.005491706909822369e-01,0.000000000000000000e+00
9.502299700139016370e-01,6.035860769528301750e-01,0.000000000000000000e+00
9.510992987925137587e-01,6.066306424990712820e-01,0.000000000000000000e+00
9.519609682867330447e-01,6.096828673297054468e-01,0.000000000000000000e+00
9.528149784965590507e-01,6.127427514447324475e-01,0.000000000000000000e+00
9.536613294219919990e-01,6.158102948441525060e-01,0.000000000000000000e+00
9.545000210630320003e-01,6.188854975279658444e-01,0.000000000000000000e+00
9.553310534196789439e-01,6.219683594961722406e-01,0.000000000000000000e+00
9.561544264919328295e-01,6.250588807487715837e-01,0.000000000000000000e+00
9.569701402797936574e-01,6.281570612857638736e-01,0.000000000000000000e+00
9.577781947832613163e-01,6.312629011071494434e-01,0.000000000000000000e+00
9.585785900023360284e-01,6.343764002129280710e-01,0.000000000000000000e+00
9.593713259370176827e-01,6.374975586030996455e-01,0.000000000000000000e+00
9.601564025873061681e-01,6.406263762776641668e-01,0.000000000000000000e+00
9.609338199532018177e-01,6.437628532366220790e-01,0.000000000000000000e+00
9.617035780347042984e-01,6.469069894799729381e-01,0.000000000000000000e+00
9.624656768318136102e-01,6.500587850077166330e-01,0.000000000000000000e+00
9.632201163445299752e-01,6.532182398198534967e-01,0.000000000000000000e+00
9.639668965728531713e-01,6.563853539163835293e-01,0.000000000000000000e+00
9.647060175167834206e-01,6.595601272973066198e-01,0.000000000000000000e+00
9.654374791763205010e-01,6.627425599626226571e-01,0.000000000000000000e+00
9.661612815514646346e-01,6.659326519123316412e-01,0.000000000000000000e+00
9.668774246422155993e-01,6.691304031464339053e-01,0.000000000000000000e+00
9.675859084485736172e-01,6.723358136649293382e-01,0.000000000000000000e+00
9.682867329705384662e-01,6.755488834678174959e-01,0.000000000000000000e+00
9.689798982081103684e-01,6.787696125550988224e-01,0.000000000000000000e+00
9.696654041612891017e-01,6.819980009267733179e-01,0.000000000000000000e+00
9.703432508300748882e-01,6.852340485828408712e-01,0.000000000000000000e+00
9.710134382144676168e-01,6.884777555233013713e-01,0.000000000000000000e+00
9.716759663144671766e-01,6.917291217481549293e-01,0.000000000000000000e+00
9.723308351300737895e-01,6.949881472574016561e-01,0.000000000000000000e+00
9.729780446612872336e-01,6.982548320510414408e-01,0.000000000000000000e+00
9.736175949081077308e-01,7.015291761290741723e-01,0.000000000000000000e+00
9.742494858705350591e-01,7.048111794914999617e-01,0.000000000000000000e+00
9.748737175485693296e-01,7.081008421383189200e-01,0.000000000000000000e+00
9.754902899422107643e-01,7.113981640695310471e-01,0.000000000000000000e+00
9.760992030514588080e-01,7.147031452851358990e-01,0.000000000000000000e+00
9.767004568763140160e-01,7.180157857851339198e-01,0.000000000000000000e+00
9.772940514167760551e-01,7.213360855695251095e-01,0.000000000000000000e+00
9.778799866728451473e-01,7.246640446383094680e-01,0.000000000000000000e+00
9.784582626445210707e-01,7.279996629914866624e-01,0.000000000000000000e+00
9.790288793318039362e-01,7.313429406290568036e-01,0.000000000000000000e+00
9.795918367346938549e-01,7.346938775510203357e-01,0.000000000000000000e+00
9.801471348531906047e-01,7.380524737573768146e-01,0.000000000000000000e+00
9.806947736872944077e-01,7.414187292481262403e-01,0.000000000000000000e+00
9.812347532370050418e-01,7.447926440232687240e-01,0.000000000000000000e+00
9.817670735023227291e-01,7.481742180828044875e-01,0.000000000000000000e+00
9.822917344832472475e-01,7.515634514267331978e-01,0.000000000000000000e+00
9.828087361797787080e-01,7.549603440550548550e-01,0.000000000000000000e+00
9.833180785919171107e-01,7.583648959677695700e-01,0.000000000000000000e+00
9.838197617196624556e-01,7.617771071648774539e-01,0.000000000000000000e+00
9.843137855630148536e-01,7.651969776463785067e-01,0.000000000000000000e+00
9.848001501219740828e-01,7.686245074122723953e-01,0.000000000000000000e+00
9.852788553965403651e-01,7.720596964625593417e-01,0.000000000000000000e+00
9.857499013867133675e-01,7.755025447972394570e-01,0.000000000000000000e+00
9.862132880924935341e-01,7.789530524163127412e-01,0.000000000000000000e+00
9.866690155138805318e-01,7.824112193197788612e-01,0.000000000000000000e+00
9.871170836508744717e-01,7.858770455076380390e-01,0.000000000000000000e+00
9.875574925034754648e-01,7.893505309798904968e-01,0.000000000000000000e+00
9.879902420716831779e-01,7.928316757365359013e-01,0.000000000000000000e+00
9.884153323554979442e-01,7.963204797775742527e-01,0.000000000000000000e+00
9.888327633549196527e-01,7.998169431030056620e-01,0.000000000000000000e+00
9.892425350699484143e-01,8.033210657128303511e-01,0.000000000000000000e+00
9.896446475005840071e-01,8.068328476070480981e-01,0.000000000000000000e+00
9.900391006468265420e-01,8.103522887856586809e-01,0.000000000000000000e+00
9.904258945086760191e-01,8.138793892486623216e-01,0.000000000000000000e+00
9.908050290861325493e-01,8.174141489960592422e-01,0.000000000000000000e+00
9.911765043791959107e-01,8.209565680278492206e-01,0.000000000000000000e+00
9.915403203878662142e-01,8.245066463440320348e-01,0.000000000000000000e+00
9.918964771121434598e-01,8.280643839446079069e-01,0.000000000000000000e+00
9.922449745520275366e-01,8.316297808295769478e-01,0.000000000000000000e+00
9.925858127075186665e-01,8.352028369989391576e-01,0.000000000000000000e+00
9.929189915786167386e-01,8.387835524526942033e-01,0.000000000000000000e+00
9.932445111653218639e-01,8.423719271908424178e-01,0.000000000000000000e+00
9.935623714676337093e-01,8.459679612133836901e-01,0.000000000000000000e+00
9.938725724855526078e-01,8.495716545203181314e-01,0.000000000000000000e+00
9.941751142190785595e-01,8.531830071116455194e-01,0.000000000000000000e+00
9.944699966682113423e-01,8.568020189873658543e-01,0.000000000000000000e+00
9.947572198329510673e-01,8.604286901474794691e-01,0.000000000000000000e+00
9.950367837132977344e-01,8.640630205919861417e-01,0.000000000000000000e+00
9.953086883092512327e-01,8.677050103208856502e-01,0.000000000000000000e+00
9.955729336208117841e-01,8.713546593341782165e-01,0.000000000000000000e+00
9.958295196479792777e-01,8.750119676318640627e-01,0.000000000000000000e+00
9.960784463907537134e-01,8.786769352139429667e-01,0.000000000000000000e+00
9.963197138491350913e-01,8.823495620804147066e-01,0.000000000000000000e+00
9.965533220231233003e-01,8.860298482312795043e-01,0.000000000000000000e+00
9.967792709127185624e-01,8.897177936665375819e-01,0.000000000000000000e+00
9.969975605179208777e-01,8.934133983861888284e-01,0.000000000000000000e+00
9.972081908387299132e-01,8.971166623902327997e-01,0.000000000000000000e+00
9.974111618751460018e-01,9.008275856786698288e-01,0.000000000000000000e+00
9.976064736271690325e-01,9.045461682515001378e-01,0.000000000000000000e+00
9.977941260947988944e-01,9.082724101087235047e-01,0.000000000000000000e+00
9.979741192780359205e-01,9.120063112503398184e-01,0.000000000000000000e+00
9.981464531768796666e-01,9.157478716763490789e-01,0.000000000000000000e+00
9.983111277913304660e-01,9.194970913867516193e-01,0.000000000000000000e+00
9.984681431213880964e-01,9.232539703815472176e-01,0.000000000000000000e+00
9.986174991670528911e-01,9.270185086607357627e-01,0.000000000000000000e+00
9.987591959283244059e-01,9.307907062243172547e-01,0.000000000000000000e+00
9.988932334052029738e-01,9.345705630722920265e-01,0.000000000000000000e+00
9.990196115976884839e-01,9.383580792046599672e-01,0.000000000000000000e+00
9.991383305057808251e-01,9.421532546214206327e-01,0.000000000000000000e+00
9.992493901294802194e-01,9.459560893225743561e-01,0.000000000000000000e+00
9.993527904687865560e-01,9.497665833081214704e-01,0.000000000000000000e+00
9.994485315236997236e-01,9.535847365780615315e-01,0.000000000000000000e+00
9.995366132942199444e-01,9.574105491323944284e-01,0.000000000000000000e+00
9.996170357803471074e-01,9.612440209711204941e-01,0.000000000000000000e+00
9.996897989820811015e-01,9.650851520942397288e-01,0.000000000000000000e+00
9.997549028994220377e-01,9.689339425017520213e-01,0.000000000000000000e+00
9.998123475323700271e-01,9.727903921936572607e-01,0.000000000000000000e+00
9.998621328809249587e-01,9.766545011699554468e-01,0.000000000000000000e+00
9.999042589450868324e-01,9.805262694306470239e-01,0.000000000000000000e+00
9.999387257248555372e-01,9.844056969757315478e-01,0.000000000000000000e+00
9.999655332202312952e-01,9.882927838052090186e-01,0.000000000000000000e+00
9.999846814312138843e-01,9.921875299190794362e-01,0.000000000000000000e+00
9.999961703578035266e-01,9.960899353173432447e-01,0.000000000000000000e+00
1.000000000000000000e+00,1.000000000000000000e+00,0.000000000000000000e+00
